ID_exhibidor,Enlace,Dirección
35230,https://www.bienesraicescancunqroo.com.mx/,"Avenida Nichupte SM. 51 Mza. 44, calle KAN LOOL # 2."
35230,https://www.bienesraicescancunqroo.com.mx/,info@bienesraicescancunqroo.com.mx
35014,https://www.construrama.com/catalogo/acabados/puertas-y-ventanas/c/003147,
35376,https://maizmier.com/,"Matamoros 506 Ote. Altos, Zona Centro Monterrey Nuevo león México C.P. 64000"
34955,https://www.encantarte.com/,DirecciÃ³n
34955,https://www.encantarte.com/,TelÃ©fono
34955,https://www.encantarte.com/,E-mail
34944,https://lincolnfire.com.mx/,"San Andres #2586
Col. San Jorge, Monterrey
Nuevo León C.P. 64330"
38882,https://lamparasartesanales.webnode.page/nosotros/,"San Mateo Ixtacalco Centro
Cuautitlan, Mexico"
35087,https://engrandece.wiggot.com/,"San Rafael, Culiacán, Sinaloa."
35087,https://engrandece.wiggot.com/,"Centro Sinaloa, Culiacán, Sinaloa."
35087,https://engrandece.wiggot.com/,"Montecarlo Residencial, Culiacán, Sinaloa."
35087,https://engrandece.wiggot.com/,"Centro Sinaloa, Culiacán, Sinaloa."
35087,https://engrandece.wiggot.com/,"San Rafael, Culiacán, Sinaloa."
35087,https://engrandece.wiggot.com/,"El Diez, Culiacán, Sinaloa."
35087,https://engrandece.wiggot.com/,"La Cruz Del Dorado, Culiacán, Sinaloa."
35087,https://engrandece.wiggot.com/,"Tres Ríos, Culiacán, Sinaloa."
35280,https://inmobiliariatriskel.com/,"Residencial Foresta, Metepec, México."
35280,https://inmobiliariatriskel.com/,"Las Jaras, Metepec, México."
35280,https://inmobiliariatriskel.com/,"Santiago Tlacotepec, Toluca, México."
35280,https://inmobiliariatriskel.com/,"Villa Cuauhtémoc, Otzolotepec, México."
35280,https://inmobiliariatriskel.com/,"Villa Cuauhtémoc, Otzolotepec, México."
35280,https://inmobiliariatriskel.com/,"Américas, Toluca, México."
35280,https://inmobiliariatriskel.com/,"Lázaro Cárdenas, Metepec, México."
35280,https://inmobiliariatriskel.com/,"Bosque de las Fuentes Residencial, Calimaya, México."
35507,https://maizmier.com/,"Matamoros 506 Ote. Altos, Zona Centro Monterrey Nuevo león México C.P. 64000"
35462,https://onehomemx.com/,"keyboard_arrow_right
OneH_100263842"
35462,https://onehomemx.com/,"keyboard_arrow_right
OneH_100263841"
35462,https://onehomemx.com/,"keyboard_arrow_right
OneH_100263816"
35462,https://onehomemx.com/,"keyboard_arrow_right
OneH_100263028"
35462,https://onehomemx.com/,"keyboard_arrow_right
OneH_100261468"
35462,https://onehomemx.com/,"keyboard_arrow_right
OneH_100254068"
35462,https://onehomemx.com/,"keyboard_arrow_right
OneH_100253707"
35462,https://onehomemx.com/,"keyboard_arrow_right
OneH_100252942"
